[{"name":"htmlwidgets","version":"1.6.4","src":{"file":"www"},"meta":null,"script":"htmlwidgets.js","stylesheet":null,"head":null,"attachment":null,"package":"htmlwidgets","all_files":true},null,{"name":"jquery","version":"3.6.0","src":{"file":"lib\/3.6.0"},"meta":null,"script":"jquery-3.6.0.min.js","stylesheet":null,"head":null,"attachment":null,"package":"jquerylib","all_files":true},{"name":"leaflet","version":"1.3.1","src":{"file":"htmlwidgets\/lib\/leaflet"},"meta":null,"script":"leaflet.js","stylesheet":"leaflet.css","head":null,"attachment":null,"package":"leaflet","all_files":true},{"name":"leafletfix","version":"1.0.0","src":{"file":"htmlwidgets\/lib\/leafletfix"},"meta":null,"script":null,"stylesheet":"leafletfix.css","head":null,"attachment":null,"package":"leaflet","all_files":true},{"name":"proj4","version":"2.6.2","src":{"file":"htmlwidgets\/plugins\/Proj4Leaflet"},"meta":null,"script":"proj4.min.js","stylesheet":null,"head":null,"attachment":null,"package":"leaflet","all_files":false},{"name":"Proj4Leaflet","version":"1.0.1","src":{"file":"htmlwidgets\/plugins\/Proj4Leaflet"},"meta":null,"script":"proj4leaflet.js","stylesheet":null,"head":null,"attachment":null,"package":"leaflet","all_files":false},{"name":"rstudio_leaflet","version":"1.3.1","src":{"file":"htmlwidgets\/lib\/rstudio_leaflet"},"meta":null,"script":null,"stylesheet":"rstudio_leaflet.css","head":null,"attachment":null,"package":"leaflet","all_files":true},{"name":"leaflet-binding","version":"2.2.2","src":{"file":"htmlwidgets\/assets"},"meta":null,"script":"leaflet.js","stylesheet":null,"head":null,"attachment":null,"package":"leaflet","all_files":false},{"name":"leaflet-providers","version":"2.0.0","src":{"file":"\/Library\/Frameworks\/R.framework\/Versions\/4.4-x86_64\/Resources\/library\/leaflet.providers"},"meta":null,"script":"leaflet-providers_2.0.0.js","stylesheet":null,"head":null,"attachment":null,"package":null,"all_files":false},{"name":"leaflet-providers-plugin","version":"2.2.2","src":{"file":"htmlwidgets\/plugins\/leaflet-providers-plugin"},"meta":null,"script":"leaflet-providers-plugin.js","stylesheet":null,"head":null,"attachment":null,"package":"leaflet","all_files":true},{"name":"leaflet-providers","version":"2.0.0","src":{"file":"\/Library\/Frameworks\/R.framework\/Versions\/4.4-x86_64\/Resources\/library\/leaflet.providers"},"meta":null,"script":"leaflet-providers_2.0.0.js","stylesheet":null,"head":null,"attachment":null,"package":null,"all_files":false},{"name":"leaflet-providers-plugin","version":"2.2.2","src":{"file":"htmlwidgets\/plugins\/leaflet-providers-plugin"},"meta":null,"script":"leaflet-providers-plugin.js","stylesheet":null,"head":null,"attachment":null,"package":"leaflet","all_files":true},{"name":"leaflet-providers","version":"2.0.0","src":{"file":"\/Library\/Frameworks\/R.framework\/Versions\/4.4-x86_64\/Resources\/library\/leaflet.providers"},"meta":null,"script":"leaflet-providers_2.0.0.js","stylesheet":null,"head":null,"attachment":null,"package":null,"all_files":false},{"name":"leaflet-providers-plugin","version":"2.2.2","src":{"file":"htmlwidgets\/plugins\/leaflet-providers-plugin"},"meta":null,"script":"leaflet-providers-plugin.js","stylesheet":null,"head":null,"attachment":null,"package":"leaflet","all_files":true}]
