{"chunk_definitions":[{"row":26,"row_count":1,"visible":true,"expansion_state":0,"options":{"engine":"r","label":"unnamed-chunk-11","dev":"png"},"document_id":"0C11CE30","chunk_id":"cj2201l3gh89g","chunk_label":"unnamed-chunk-1"},{"row":38,"row_count":1,"visible":true,"expansion_state":0,"options":{"engine":"r","label":"unnamed-chunk-12","dev":"png"},"document_id":"0C11CE30","chunk_id":"c7rwjqthglj7n","chunk_label":"unnamed-chunk-2"},{"row":55,"row_count":1,"visible":true,"expansion_state":0,"options":{"engine":"r","label":"unnamed-chunk-13","dev":"png"},"document_id":"0C11CE30","chunk_id":"cw1v677v7xgo1","chunk_label":"unnamed-chunk-3"},{"row":65,"row_count":1,"visible":true,"expansion_state":0,"options":{"engine":"r","label":"unnamed-chunk-14","dev":"png"},"document_id":"0C11CE30","chunk_id":"cxj440q9g8nyp","chunk_label":"unnamed-chunk-4"},{"row":80,"row_count":1,"visible":true,"expansion_state":0,"options":{"engine":"r","label":"unnamed-chunk-15","dev":"png"},"document_id":"0C11CE30","chunk_id":"cqhjnyhde28td","chunk_label":"unnamed-chunk-5"},{"row":113,"row_count":1,"visible":true,"expansion_state":0,"options":{"engine":"r","label":"unnamed-chunk-16","dev":"png"},"document_id":"0C11CE30","chunk_id":"cjgo9j06nl0ju","chunk_label":"unnamed-chunk-6"}],"doc_write_time":1739270915,"chunk_rendered_width":400}