"0","# Choix du lien (changement du code postal)"
"0","link<-""https://public.opendatasoft.com/api/explore/v2.1/catalog/datasets/prix-des-carburants-j-1/exports/json?lang=fr&refine=fuel%3A%22Gazole%22&qv1=(94200)&timezone=Europe%2FParis"""
"0",""
"0","# Importation des données"
"0","y<-fromJSON(link)"
"0",""
"0","# Selection des variables"
"0","don <- y %>% select(name,address, update, price = price_gazole ) %>% "
"0","  mutate(update =as.Date(update)) %>%"
"0","  arrange(update)"
"0",""
"0","# Nettoyage des erreurs principales"
"0","don<-don %>%  mutate(price_OK = case_when(price ==0 ~ NA,"
"0","                             price < 1 ~ price*1000,"
"0","                             TRUE ~ price))"
"0",""
"0","# Réalisation d'un graphique"
"0","ggplot(don) +aes(x=update, y=price_OK, col=address) + geom_point()"
"0",""
