{"chunk_definitions":[{"row":18,"row_count":1,"visible":true,"expansion_state":0,"options":{"engine":"r","label":"api1","dev":"png"},"document_id":"0C11CE30","chunk_id":"c9oy8a5zggwq8","chunk_label":"api1"},{"row":30,"row_count":1,"visible":true,"expansion_state":0,"options":{"engine":"r","label":"notif1","dev":"png"},"document_id":"0C11CE30","chunk_id":"c34flqlri26u7","chunk_label":"notif1"},{"row":38,"row_count":1,"visible":true,"expansion_state":0,"options":{"engine":"r","label":"notif2","dev":"png"},"document_id":"0C11CE30","chunk_id":"cl8d78omyb0pl","chunk_label":"notif2"},{"row":50,"row_count":1,"visible":true,"expansion_state":0,"options":{"engine":"r","label":"notif3","dev":"png"},"document_id":"0C11CE30","chunk_id":"cq4hpisz16xok","chunk_label":"notif3"},{"row":61,"row_count":1,"visible":true,"expansion_state":0,"options":{"engine":"r","label":"unnamed-chunk-2","dev":"png"},"document_id":"0C11CE30","chunk_id":"cfrr4jgtooif0","chunk_label":"unnamed-chunk-1"},{"row":67,"row_count":1,"visible":true,"expansion_state":0,"options":{"engine":"r","label":"unnamed-chunk-3","dev":"png"},"document_id":"0C11CE30","chunk_id":"cimijj4nmwe6q","chunk_label":"unnamed-chunk-2"},{"row":82,"row_count":1,"visible":true,"expansion_state":0,"options":{"engine":"r","label":"unnamed-chunk-6","dev":"png"},"document_id":"0C11CE30","chunk_id":"c1wmzegcnm4km","chunk_label":"unnamed-chunk-3"},{"row":92,"row_count":1,"visible":true,"expansion_state":0,"options":{"engine":"r","label":"unnamed-chunk-7","dev":"png"},"document_id":"0C11CE30","chunk_id":"cfliq3j1h78bm","chunk_label":"unnamed-chunk-4"},{"row":102,"row_count":1,"visible":true,"expansion_state":0,"options":{"engine":"r","label":"notif4","dev":"png"},"document_id":"0C11CE30","chunk_id":"cjuodrjl1xynq","chunk_label":"notif4"},{"row":110,"row_count":1,"visible":true,"expansion_state":0,"options":{"engine":"r","label":"notif5","dev":"png"},"document_id":"0C11CE30","chunk_id":"c5l7svkzj9kwc","chunk_label":"notif5"}],"doc_write_time":1739270782}