"0",""
"0","carto_com <- function(nomcom=""SUCY-EN-BRIE"", modecarto=""plot"", choixvar=""t1_txchom0"") { "
"0",""
"0","link<-paste0(""https://public.opendatasoft.com/api/explore/v2.1/catalog/datasets/indice-de-defavorisation-sociale-fdep-par-iris/exports/geojson?lang=fr&refine=c_nom_com%3A%22"",nomcom,""%22&timezone=Europe%2FBerlin"")"
"0",""
"0","# Importation des données"
"0","map<-st_read(link)"
"0",""
"0","# Affichage de la carte"
"0",""
"0","tmap_mode(modecarto) +"
"0"," tm_shape(map) +"
"0","  tm_polygons(choixvar) +   "
"0","  tm_legend(title=nomcom)"
"0",""
"0","}"
"0",""
"0",""
