{"chunk_definitions":[{"row":30,"row_count":1,"visible":true,"expansion_state":0,"options":{"engine":"r","label":"unnamed-chunk-62","dev":"png"},"document_id":"0C11CE30","chunk_id":"cj2201l3gh89g","chunk_label":"unnamed-chunk-1"},{"row":42,"row_count":1,"visible":true,"expansion_state":0,"options":{"engine":"r","label":"unnamed-chunk-96","dev":"png"},"document_id":"0C11CE30","chunk_id":"c7rwjqthglj7n","chunk_label":"unnamed-chunk-2"},{"row":51,"row_count":1,"visible":true,"expansion_state":0,"options":{"engine":"r","label":"unnamed-chunk-99","dev":"png"},"document_id":"9100C854","chunk_id":"cqki45t26ueh5","chunk_label":"unnamed-chunk-3"},{"row":63,"row_count":1,"visible":true,"expansion_state":0,"options":{"engine":"r","warning":false,"message":false,"label":"unnamed-chunk-107","dev":"png"},"document_id":"9100C854","chunk_id":"c4ya97q6fi55x","chunk_label":"unnamed-chunk-4"},{"row":74,"row_count":1,"visible":true,"expansion_state":0,"options":{"engine":"r","warning":false,"message":false,"label":"unnamed-chunk-108","dev":"png"},"document_id":"9100C854","chunk_id":"cbye2ucmctijm","chunk_label":"unnamed-chunk-5"},{"row":104,"row_count":1,"visible":true,"expansion_state":0,"options":{"engine":"r","label":"unnamed-chunk-118","dev":"png"},"document_id":"9100C854","chunk_id":"cj6jqamdq6af9","chunk_label":"unnamed-chunk-6"},{"row":113,"row_count":1,"visible":true,"expansion_state":0,"options":{"engine":"r","label":"unnamed-chunk-119","dev":"png"},"document_id":"9100C854","chunk_id":"cu9q3x3fuya4c","chunk_label":"unnamed-chunk-7"}],"doc_write_time":1739271708}